{"loss": [0.11295967549085617, 0.0308983251452446, 0.023466015234589577, 0.020552877336740494, 0.01882079243659973, 0.01775500550866127, 0.017111195251345634, 0.016470979899168015, 0.01591813936829567, 0.015545807778835297, 0.015308276750147343, 0.015040367841720581, 0.014822633005678654, 0.014643390662968159, 0.014487598091363907, 0.014335512183606625, 0.014228983782231808, 0.014012410305440426, 0.013992806896567345, 0.013785363174974918, 0.01386104803532362, 0.01372307538986206, 0.013649334199726582, 0.013521567918360233, 0.013446874916553497], "accuracy": [0.9702106714248657, 0.9896255135536194, 0.9920817613601685, 0.9931192994117737, 0.9937059283256531, 0.9940637350082397, 0.9942892789840698, 0.9944853186607361, 0.9946487545967102, 0.9947643280029297, 0.9948466420173645, 0.9949256181716919, 0.994991660118103, 0.995046854019165, 0.9951004385948181, 0.9951464533805847, 0.995180606842041, 0.9952437281608582, 0.9952521920204163, 0.9953049421310425, 0.9952998161315918, 0.9953303933143616, 0.995354175567627, 0.995394766330719, 0.9954199194908142], "val_loss": [0.03090624511241913, 0.017522048205137253, 0.015313304029405117, 0.01354865450412035, 0.014433672651648521, 0.012733161449432373, 0.012770532630383968, 0.012057261541485786, 0.01058783195912838, 0.010783722624182701, 0.011736050248146057, 0.010101049207150936, 0.009881317615509033, 0.009948325343430042, 0.009623505175113678, 0.01029163971543312, 0.009538955055177212, 0.01011787448078394, 0.009534003213047981, 0.010424860753118992, 0.009442295879125595, 0.009113652631640434, 0.009135410189628601, 0.00958993099629879, 0.009763116016983986], "val_accuracy": [0.9891965389251709, 0.9937928915023804, 0.994625985622406, 0.9952386021614075, 0.9950159192085266, 0.9955636858940125, 0.9957031011581421, 0.995820164680481, 0.9962180256843567, 0.9962600469589233, 0.9958723187446594, 0.9964402318000793, 0.9964748024940491, 0.996313214302063, 0.9965320229530334, 0.9963878393173218, 0.996612012386322, 0.9963230490684509, 0.9965649843215942, 0.9962472319602966, 0.996573805809021, 0.9966937899589539, 0.996671736240387, 0.9965739250183105, 0.9964869022369385]}