{"loss": [0.10415525734424591, 0.0323210172355175, 0.024906540289521217, 0.02179448865354061, 0.019864125177264214, 0.01866331696510315, 0.017819680273532867, 0.016995247453451157, 0.016430001705884933, 0.016072092577815056, 0.015692250803112984, 0.015284382738173008, 0.015039639547467232, 0.01465750951319933, 0.014689072035253048, 0.014471368864178658, 0.01436915434896946, 0.014124547131359577, 0.014208847656846046, 0.013880399987101555, 0.013773203827440739], "accuracy": [0.9714053273200989, 0.9890634417533875, 0.9915286898612976, 0.9926319718360901, 0.9933665990829468, 0.9937805533409119, 0.994059145450592, 0.9943202137947083, 0.9945058226585388, 0.9946127533912659, 0.994733452796936, 0.9948552250862122, 0.9949163198471069, 0.9950445890426636, 0.995035707950592, 0.9950982332229614, 0.9951355457305908, 0.9952098727226257, 0.9951990246772766, 0.9952812194824219, 0.9953061938285828], "val_loss": [0.032840050756931305, 0.02198161743581295, 0.018333472311496735, 0.016519686207175255, 0.015735572203993797, 0.01637640967965126, 0.01477415394037962, 0.014770150184631348, 0.014454304240643978, 0.014643513597548008, 0.014219557866454124, 0.013592065311968327, 0.013766289688646793, 0.013791533187031746, 0.013170604594051838, 0.013266448862850666, 0.013253986835479736, 0.012670953758060932, 0.01508230622857809, 0.013127561658620834, 0.013157383538782597], "val_accuracy": [0.9893999695777893, 0.9928576350212097, 0.9936358332633972, 0.9943403601646423, 0.9948581457138062, 0.9948264956474304, 0.9951093792915344, 0.995386004447937, 0.995374858379364, 0.9955529570579529, 0.9956487417221069, 0.9957816004753113, 0.9956825971603394, 0.9957486391067505, 0.9958407282829285, 0.995880126953125, 0.9958599805831909, 0.9959157109260559, 0.9954750537872314, 0.9959220886230469, 0.9959064722061157]}