{"loss": [0.10482499748468399, 0.03069566935300827, 0.02360154502093792, 0.020720968022942543, 0.019008297473192215, 0.017749905586242676, 0.016947071999311447, 0.016283852979540825, 0.015743082389235497, 0.015448282472789288, 0.015172605402767658, 0.014910968020558357, 0.01465623825788498, 0.014527623541653156, 0.014403607696294785, 0.014077200554311275], "accuracy": [0.9713993668556213, 0.989662766456604, 0.9919760823249817, 0.9929441213607788, 0.9936251044273376, 0.9940245747566223, 0.9942761063575745, 0.9944828748703003, 0.9946463704109192, 0.9947459101676941, 0.9948292970657349, 0.9949116706848145, 0.9949814677238464, 0.9950396418571472, 0.9950743317604065, 0.9951579570770264], "val_loss": [0.027760760858654976, 0.017799848690629005, 0.016012657433748245, 0.014463581144809723, 0.013789301738142967, 0.01230339240282774, 0.0120729710906744, 0.01106307003647089, 0.010572347790002823, 0.010290179401636124, 0.01112026534974575, 0.010763876140117645, 0.009728123433887959, 0.01033325120806694, 0.010251018218696117, 0.010657403618097305], "val_accuracy": [0.9904595613479614, 0.9936567544937134, 0.9944437146186829, 0.9950059652328491, 0.9951772689819336, 0.9955713152885437, 0.9956832528114319, 0.996033251285553, 0.9961696267127991, 0.9963018894195557, 0.9959600567817688, 0.9961434602737427, 0.9964749813079834, 0.9963161945343018, 0.9962872862815857, 0.996249794960022]}